time,frame,x1,y1,x2,y2,predicted_label,probability,corrected_label
00:06:23,11490,908,303,1013,410,empty,0.9062275886535645,not_empty
00:06:23,11490,1356,187,1438,278,empty,0.9386343359947205,kakigori
